StateCode,Population,Regime,Probability_of_elimination_by_2000,Probability_of_elimination_by_2001,Probability_of_elimination_by_2002,Probability_of_elimination_by_2003,Probability_of_elimination_by_2004,Probability_of_elimination_by_2005,Probability_of_elimination_by_2006,Probability_of_elimination_by_2007,Probability_of_elimination_by_2008,Probability_of_elimination_by_2009,Probability_of_elimination_by_2010,Probability_of_elimination_by_2011,Probability_of_elimination_by_2012,Probability_of_elimination_by_2013,Probability_of_elimination_by_2014,Probability_of_elimination_by_2015,Probability_of_elimination_by_2016,Probability_of_elimination_by_2017,Probability_of_elimination_by_2018,Probability_of_elimination_by_2019,Probability_of_elimination_by_2020,Probability_of_elimination_by_2021,Probability_of_elimination_by_2022,Probability_of_elimination_by_2023,Probability_of_elimination_by_2024,Probability_of_elimination_by_2025,Probability_of_elimination_by_2026,Probability_of_elimination_by_2027,Probability_of_elimination_by_2028,Probability_of_elimination_by_2029,Probability_of_elimination_by_2030,Prev_Year2000,Prev_Year2001,Prev_Year2002,Prev_Year2003,Prev_Year2004,Prev_Year2005,Prev_Year2006,Prev_Year2007,Prev_Year2008,Prev_Year2009,Prev_Year2010,Prev_Year2011,Prev_Year2012,Prev_Year2013,Prev_Year2014,Prev_Year2015,Prev_Year2016,Prev_Year2017,Prev_Year2018,Prev_Year2019,Prev_Year2020,Prev_Year2021,Prev_Year2022,Prev_Year2023,Prev_Year2024,Prev_Year2025,Prev_Year2026,Prev_Year2027,Prev_Year2028,Prev_Year2029,Prev_Year2030,Lower_Bound_Year2000,Lower_Bound_Year2001,Lower_Bound_Year2002,Lower_Bound_Year2003,Lower_Bound_Year2004,Lower_Bound_Year2005,Lower_Bound_Year2006,Lower_Bound_Year2007,Lower_Bound_Year2008,Lower_Bound_Year2009,Lower_Bound_Year2010,Lower_Bound_Year2011,Lower_Bound_Year2012,Lower_Bound_Year2013,Lower_Bound_Year2014,Lower_Bound_Year2015,Lower_Bound_Year2016,Lower_Bound_Year2017,Lower_Bound_Year2018,Lower_Bound_Year2019,Lower_Bound_Year2020,Lower_Bound_Year2021,Lower_Bound_Year2022,Lower_Bound_Year2023,Lower_Bound_Year2024,Lower_Bound_Year2025,Lower_Bound_Year2026,Lower_Bound_Year2027,Lower_Bound_Year2028,Lower_Bound_Year2029,Lower_Bound_Year2030,Upper_Bound_Year2000,Upper_Bound_Year2001,Upper_Bound_Year2002,Upper_Bound_Year2003,Upper_Bound_Year2004,Upper_Bound_Year2005,Upper_Bound_Year2006,Upper_Bound_Year2007,Upper_Bound_Year2008,Upper_Bound_Year2009,Upper_Bound_Year2010,Upper_Bound_Year2011,Upper_Bound_Year2012,Upper_Bound_Year2013,Upper_Bound_Year2014,Upper_Bound_Year2015,Upper_Bound_Year2016,Upper_Bound_Year2017,Upper_Bound_Year2018,Upper_Bound_Year2019,Upper_Bound_Year2020,Upper_Bound_Year2021,Upper_Bound_Year2022,Upper_Bound_Year2023,Upper_Bound_Year2024,Upper_Bound_Year2025,Upper_Bound_Year2026,Upper_Bound_Year2027,Upper_Bound_Year2028,Upper_Bound_Year2029,Upper_Bound_Year2030StateCode,Population,Regime,Probability_of_elimination_by_2000,Probability_of_elimination_by_2001,Probability_of_elimination_by_2002,Probability_of_elimination_by_2003,Probability_of_elimination_by_2004,Probability_of_elimination_by_2005,Probability_of_elimination_by_2006,Probability_of_elimination_by_2007,Probability_of_elimination_by_2008,Probability_of_elimination_by_2009,Probability_of_elimination_by_2010,Probability_of_elimination_by_2011,Probability_of_elimination_by_2012,Probability_of_elimination_by_2013,Probability_of_elimination_by_2014,Probability_of_elimination_by_2015,Probability_of_elimination_by_2016,Probability_of_elimination_by_2017,Probability_of_elimination_by_2018,Probability_of_elimination_by_2019,Probability_of_elimination_by_2020,Probability_of_elimination_by_2021,Probability_of_elimination_by_2022,Probability_of_elimination_by_2023,Probability_of_elimination_by_2024,Probability_of_elimination_by_2025,Probability_of_elimination_by_2026,Probability_of_elimination_by_2027,Probability_of_elimination_by_2028,Probability_of_elimination_by_2029,Probability_of_elimination_by_2030,Prev_Year2000,Prev_Year2001,Prev_Year2002,Prev_Year2003,Prev_Year2004,Prev_Year2005,Prev_Year2006,Prev_Year2007,Prev_Year2008,Prev_Year2009,Prev_Year2010,Prev_Year2011,Prev_Year2012,Prev_Year2013,Prev_Year2014,Prev_Year2015,Prev_Year2016,Prev_Year2017,Prev_Year2018,Prev_Year2019,Prev_Year2020,Prev_Year2021,Prev_Year2022,Prev_Year2023,Prev_Year2024,Prev_Year2025,Prev_Year2026,Prev_Year2027,Prev_Year2028,Prev_Year2029,Prev_Year2030,Lower_Bound_Year2000,Lower_Bound_Year2001,Lower_Bound_Year2002,Lower_Bound_Year2003,Lower_Bound_Year2004,Lower_Bound_Year2005,Lower_Bound_Year2006,Lower_Bound_Year2007,Lower_Bound_Year2008,Lower_Bound_Year2009,Lower_Bound_Year2010,Lower_Bound_Year2011,Lower_Bound_Year2012,Lower_Bound_Year2013,Lower_Bound_Year2014,Lower_Bound_Year2015,Lower_Bound_Year2016,Lower_Bound_Year2017,Lower_Bound_Year2018,Lower_Bound_Year2019,Lower_Bound_Year2020,Lower_Bound_Year2021,Lower_Bound_Year2022,Lower_Bound_Year2023,Lower_Bound_Year2024,Lower_Bound_Year2025,Lower_Bound_Year2026,Lower_Bound_Year2027,Lower_Bound_Year2028,Lower_Bound_Year2029,Lower_Bound_Year2030,Upper_Bound_Year2000,Upper_Bound_Year2001,Upper_Bound_Year2002,Upper_Bound_Year2003,Upper_Bound_Year2004,Upper_Bound_Year2005,Upper_Bound_Year2006,Upper_Bound_Year2007,Upper_Bound_Year2008,Upper_Bound_Year2009,Upper_Bound_Year2010,Upper_Bound_Year2011,Upper_Bound_Year2012,Upper_Bound_Year2013,Upper_Bound_Year2014,Upper_Bound_Year2015,Upper_Bound_Year2016,Upper_Bound_Year2017,Upper_Bound_Year2018,Upper_Bound_Year2019,Upper_Bound_Year2020,Upper_Bound_Year2021,Upper_Bound_Year2022,Upper_Bound_Year2023,Upper_Bound_Year2024,Upper_Bound_Year2025,Upper_Bound_Year2026,Upper_Bound_Year2027,Upper_Bound_Year2028,Upper_Bound_Year2029,Upper_Bound_Year2030
4913,81927.5567185879,No MDA,0.581839510907065,0.582150311220407,0.582289800033848,0.581445179945699,0.581102652782398,0.584830381683701,0.58904249017101,0.592145911443352,0.59438905105971,0.59882850367282,0.612237663699068,0.632212825347899,0.661575140140438,0.695972744077966,0.721761079058701,0.749502479713156,0.785747056607937,0.81066122930376,0.831918963065854,0.848103812899799,0.862347712925323,0.875512466672049,0.88894725604197,0.900533910626845,0.912749157010608,0.925290225893699,0.935261293155549,0.944417655146071,0.953079949874967,0.960320698654852,0.967117395499613,0.0186164268281639,0.0185484289578479,0.0184955930769312,0.0184343544350451,0.0183916946358208,0.0183325990712117,0.0182805307203634,0.0181949805750353,0.0181176024142767,0.0180219891751872,0.0175880440585386,0.016844689232153,0.0160203915563502,0.0149632552306987,0.0138764607739502,0.0128365861156072,0.0115966523429672,0.0102453146315676,0.0090793906060981,0.00797929016115623,0.00697688515882494,0.0061197906214016,0.00534443823207568,0.00465646611986535,0.00408088424488707,0.00356551958353133,0.00310989597685561,0.0027360775875298,0.00240461590827294,0.00211471351870528,0.00186927419055411,0.00208112990156374,0.00211472651417079,0.00213234986405188,0.00213837041337114,0.00216079286747501,0.00219485124891082,0.00222453541257598,0.00223726972621308,0.00226132494890891,0.0022623579470956,0.00226271982790503,0.0022165102855264,0.00214059740826546,0.00203706178223315,0.00192054393402757,0.00179652602134709,0.00164444745979247,0.00149852696405893,0.00124850481961683,0.00101302291760532,0.000828081677078941,0.000644248224337924,0.000487832520347342,0.000357230582323763,0.000215115558847253,0.000105918381714134,6.63578267502265e-05,3.74186277475828e-05,2.7662742580092e-05,2.47827389265665e-05,2.12592020954157e-05,0.0556193665406769,0.0551631413336265,0.0548116423556785,0.0543952036279661,0.054158546544458,0.0538178924761236,0.0534230961205763,0.0529031003489963,0.0524026274749333,0.051984936314699,0.0504913858615518,0.0481337342272834,0.0456424929584426,0.042558810602824,0.0394201647273268,0.0364301346664741,0.032915961072292,0.029053274177022,0.0260345573114232,0.0231966938910807,0.0206167275524937,0.0184877735026317,0.0165409045451085,0.0147770119592413,0.0133123601278445,0.0119691070798619,0.0107748845114964,0.00977222555402044,0.00883771495547397,0.0079893545934351,0.00729398029680821
4913,81927.5567185879,Current WHO guidelines,0.580924839158975,0.582500108916978,0.583621936963837,0.584060736143508,0.586587330140617,0.587257157106072,0.589829432532298,0.592556737861416,0.597232653873051,0.60147781822048,0.614245654925099,0.633133903822777,0.657910149531241,0.690337644063547,0.720077840210556,0.74913424463341,0.787173809146465,0.810787591192889,0.886525587969045,0.939095090307403,0.973728770601384,0.99075291807247,0.99683263048034,0.998752019110609,0.999505545314564,0.999824298739362,0.999946074978179,0.999978287664835,0.999995547336023,0.999998609987604,0.999999627232131,0.0185827656642872,0.0185306327168309,0.0184609287320463,0.0184203418516431,0.018366477646374,0.0183149977797585,0.018248205495723,0.01817346753465,0.018086081781984,0.018004215031539,0.0175729586596936,0.0168276366557898,0.0159915780069646,0.0149433467576625,0.013849544721031,0.0128133931532177,0.0115744926045435,0.0102287818789712,0.00906356961299797,0.00477575373027524,0.00261151071137409,0.00152180166236387,0.000923517157322547,0.000579278350993093,0.000372154047805431,0.000239045393938915,0.000156244569754879,0.000101266668846727,6.66567890812734e-05,4.40132682439309e-05,3.01975354055198e-05,0.00210939311046507,0.0021263578678238,0.00213657504691759,0.00215693005621319,0.00218567047292509,0.00221778769927006,0.00222925585518158,0.00225857796879176,0.00227033836955678,0.00230315678491755,0.00229605983164574,0.00224905342754553,0.00214910639301202,0.00204737774063041,0.00192453645603787,0.00180141140505282,0.00165051142603381,0.00150083640504226,0.00125338700898329,0.000481152140548813,0.000105967457100932,2.83652950921333e-05,1.05747742762286e-05,6.18466990756849e-06,2.69193994606705e-06,2.84590804148055e-07,0,0,0,0,0,0.0554689855015485,0.0551175566396755,0.0546061569864884,0.0540663975784621,0.0537907575643925,0.053476239724765,0.0531688789038233,0.0527440199778478,0.0522963413990672,0.0519092383174994,0.0504020589444624,0.0480684525993606,0.0456508205824643,0.0425305800013082,0.0392880175838637,0.0363352131553728,0.0329164489966622,0.0290250235449563,0.0260540979053089,0.014946312860128,0.00887370075417379,0.0055851033685363,0.00370580616409575,0.00258927032195615,0.00187617538352206,0.00149051163547333,0.00114977596697233,0.000922343289783531,0.000682412397307315,0.000457275291802822,0.000327866287610836
4913,81927.5567185879,Enhanced coverage,0.581486432543013,0.585524500495391,0.586431259614006,0.585897740161947,0.587189119992394,0.589214178941589,0.591607892113738,0.593853543872925,0.59532163935388,0.601593569964687,0.616967538830311,0.635139336097049,0.662558181926666,0.696130296741899,0.723095029653987,0.750314194529094,0.78574043493816,0.810422423895325,0.901720844697149,0.962543047119929,0.991059055638102,0.998360997950693,0.999691518965641,0.999925944601666,0.999988768787423,0.999999514766827,0.999999919409784,1,1,1,1,0.0185240370469791,0.0184574962054059,0.0184042324863538,0.0183573057920706,0.0182963472326905,0.0182627813334704,0.0182139998719168,0.0181345730351773,0.0180493656340733,0.0179838972378368,0.0175594171066397,0.0168041758475804,0.0159927061164512,0.0149392088151383,0.0138401338068683,0.0128145303646508,0.0115834183817816,0.0102429261016497,0.00908519914712948,0.0040690031906992,0.00184533066964603,0.000889011780237876,0.000445899472271831,0.000231347877360636,0.000122021421516216,6.36167214903528e-05,3.18765197614929e-05,1.90105279727113e-05,7.23727098814418e-06,4.13009179906705e-06,2.60551375204716e-06,0.00212522952780586,0.00211236118942305,0.00215848529839292,0.00216791230320193,0.00217018452428017,0.0021889669847803,0.00220519394659063,0.00224039318277208,0.00227009427521905,0.00228005124417872,0.00228234003702169,0.00224466892176918,0.00215376682466997,0.00204797515492191,0.00192586107882596,0.00180209599693638,0.00164010375408039,0.00149919840347398,0.00124820625711036,0.000351270771458967,3.43520385946762e-05,1.24097004647252e-05,3.28582128940387e-06,6.65709368491855e-07,2.0247833446412e-07,0,0,0,0,0,0,0.0550634169737648,0.0546815237927004,0.0543339608924375,0.0540368606452003,0.0536867942975061,0.0534461965470273,0.0530772812847513,0.0526880035661434,0.0522431510854383,0.0519644471943154,0.0505365625076395,0.0481573911638266,0.0457662766477121,0.0426884267712021,0.039468510319197,0.0364259615766576,0.0330082600988488,0.029066576711266,0.026058788359384,0.0132646688777697,0.0068507938548271,0.00373554748217877,0.0021398373452071,0.00136710509774421,0.000898124600713159,0.000545786923663318,0.000335171578600766,0.000198799678540363,9.59172484585858e-05,3.84189435810183e-05,8.62587601714802e-06
4913,81927.5567185879,Enhanced frequency,0.58033164827084,0.583611974334033,0.584767578902371,0.585460135104371,0.583569533027929,0.588527444682183,0.59094431691105,0.5925324443185,0.593357958337236,0.600474912526196,0.616549294791744,0.632952520791705,0.660464673951947,0.694434259219986,0.721584900443041,0.750588654510151,0.787268470143516,0.811120425530486,0.948632598899847,0.987461992442822,0.996916944843591,0.998991662446654,0.99972022908035,0.999894222243657,0.999950260536578,0.999977666314784,0.999994348642488,0.99999744180091,0.999999243949243,0.999999832829318,1,0.018587472943909,0.0185229504260576,0.0184663943514666,0.0184062557187557,0.0183588813470424,0.0182998594876624,0.0182424796479476,0.018155452267712,0.0180733767255473,0.0180064012640765,0.0175842120184184,0.016832167645873,0.0160199354065172,0.0149755382562221,0.0138586560357011,0.0128224424683388,0.0116020406327668,0.0102446767541268,0.00907422340772755,0.00233811899436464,0.000960547295008318,0.000476581475024235,0.000259125019243462,0.000150642672119851,9.63657920384644e-05,6.15607555489398e-05,4.37701120504172e-05,3.11607294678583e-05,2.0312577337948e-05,1.48588453440797e-05,8.55477183233507e-06,0.00212423563547423,0.00213846887555536,0.00215176406602419,0.00217470808683727,0.00217910598441214,0.00222059567570525,0.0022485685965512,0.00225787757638646,0.00226317244876206,0.00229414013511438,0.00228694207190733,0.00223996460654308,0.00215897082712573,0.00204878712157356,0.00193152056738414,0.00180467076303847,0.00165119281625361,0.00150138391250704,0.00124807562516399,0.000128828482456923,8.19384840008871e-06,2.78347522982362e-06,2.0247833446412e-07,0,0,0,0,0,0,0,0,0.0555270341734135,0.055096640324869,0.0545733277334551,0.05426207709724,0.0538890226099444,0.0534814700624359,0.0531461547372288,0.0528115364823335,0.0524693482257413,0.0520013126439724,0.0504956421848467,0.0481404003934896,0.0457025798224963,0.0426423725747147,0.0394149035728368,0.0363947480079827,0.0329833967664315,0.0290215619137284,0.0260725399878791,0.00812081055964819,0.00400933836007563,0.0024246322699445,0.00171112795126373,0.00132286242668744,0.0010153946963926,0.00068543739987348,0.000471009641974243,0.000314418942780424,0.000244811784657135,0.000170789519238343,0.000121005480685893StateCode,Population,Regime,Probability_of_elimination_by_2000,Probability_of_elimination_by_2001,Probability_of_elimination_by_2002,Probability_of_elimination_by_2003,Probability_of_elimination_by_2004,Probability_of_elimination_by_2005,Probability_of_elimination_by_2006,Probability_of_elimination_by_2007,Probability_of_elimination_by_2008,Probability_of_elimination_by_2009,Probability_of_elimination_by_2010,Probability_of_elimination_by_2011,Probability_of_elimination_by_2012,Probability_of_elimination_by_2013,Probability_of_elimination_by_2014,Probability_of_elimination_by_2015,Probability_of_elimination_by_2016,Probability_of_elimination_by_2017,Probability_of_elimination_by_2018,Probability_of_elimination_by_2019,Probability_of_elimination_by_2020,Probability_of_elimination_by_2021,Probability_of_elimination_by_2022,Probability_of_elimination_by_2023,Probability_of_elimination_by_2024,Probability_of_elimination_by_2025,Probability_of_elimination_by_2026,Probability_of_elimination_by_2027,Probability_of_elimination_by_2028,Probability_of_elimination_by_2029,Probability_of_elimination_by_2030,Prev_Year2000,Prev_Year2001,Prev_Year2002,Prev_Year2003,Prev_Year2004,Prev_Year2005,Prev_Year2006,Prev_Year2007,Prev_Year2008,Prev_Year2009,Prev_Year2010,Prev_Year2011,Prev_Year2012,Prev_Year2013,Prev_Year2014,Prev_Year2015,Prev_Year2016,Prev_Year2017,Prev_Year2018,Prev_Year2019,Prev_Year2020,Prev_Year2021,Prev_Year2022,Prev_Year2023,Prev_Year2024,Prev_Year2025,Prev_Year2026,Prev_Year2027,Prev_Year2028,Prev_Year2029,Prev_Year2030,Lower_Bound_Year2000,Lower_Bound_Year2001,Lower_Bound_Year2002,Lower_Bound_Year2003,Lower_Bound_Year2004,Lower_Bound_Year2005,Lower_Bound_Year2006,Lower_Bound_Year2007,Lower_Bound_Year2008,Lower_Bound_Year2009,Lower_Bound_Year2010,Lower_Bound_Year2011,Lower_Bound_Year2012,Lower_Bound_Year2013,Lower_Bound_Year2014,Lower_Bound_Year2015,Lower_Bound_Year2016,Lower_Bound_Year2017,Lower_Bound_Year2018,Lower_Bound_Year2019,Lower_Bound_Year2020,Lower_Bound_Year2021,Lower_Bound_Year2022,Lower_Bound_Year2023,Lower_Bound_Year2024,Lower_Bound_Year2025,Lower_Bound_Year2026,Lower_Bound_Year2027,Lower_Bound_Year2028,Lower_Bound_Year2029,Lower_Bound_Year2030,Upper_Bound_Year2000,Upper_Bound_Year2001,Upper_Bound_Year2002,Upper_Bound_Year2003,Upper_Bound_Year2004,Upper_Bound_Year2005,Upper_Bound_Year2006,Upper_Bound_Year2007,Upper_Bound_Year2008,Upper_Bound_Year2009,Upper_Bound_Year2010,Upper_Bound_Year2011,Upper_Bound_Year2012,Upper_Bound_Year2013,Upper_Bound_Year2014,Upper_Bound_Year2015,Upper_Bound_Year2016,Upper_Bound_Year2017,Upper_Bound_Year2018,Upper_Bound_Year2019,Upper_Bound_Year2020,Upper_Bound_Year2021,Upper_Bound_Year2022,Upper_Bound_Year2023,Upper_Bound_Year2024,Upper_Bound_Year2025,Upper_Bound_Year2026,Upper_Bound_Year2027,Upper_Bound_Year2028,Upper_Bound_Year2029,Upper_Bound_Year2030
4916,174475.644544959,No MDA,0.00528585929503895,0.0051825070168426,0.0051455663146541,0.0051014853803276,0.00506338051278835,0.00497948131595107,0.0049216033531197,0.00482083120918736,0.00486277558795855,0.0049415135393614,0.00525245346193964,0.00558855480805275,0.00629085685089339,0.00754323662878048,0.00866982903862673,0.0102792955698369,0.0138577483221504,0.020479872113183,0.03011579059561,0.0436188184467353,0.064140078718746,0.0911225770645474,0.12634744441697,0.167122714392438,0.221227072039594,0.279553764622577,0.335953652141066,0.394645812726317,0.454721706857795,0.514617076178415,0.569556334769357,0.116151099031233,0.116113226296574,0.116138912451077,0.116160905021725,0.116191885180565,0.116228114966068,0.116150305439833,0.116071692957324,0.115939819447375,0.115807881540181,0.113255787978828,0.108917305956946,0.104482756915134,0.0983505731020245,0.0922847281007675,0.0864265882621042,0.0790603720860912,0.071022836329354,0.0636569787404077,0.056658821164774,0.0501109975053576,0.0443462438268845,0.0390638569456365,0.0342144537319361,0.030053070406206,0.026285353632004,0.0229097022516143,0.0200427208435895,0.0175099750574637,0.0152648902052757,0.0133861844354081,0.0339347035233013,0.0339945687614479,0.0340502448375551,0.0340700968617025,0.0341757296770768,0.0342268481466813,0.03420559745154,0.0342648683478532,0.0341826783392019,0.034185145208502,0.0335270284508994,0.0323964339579385,0.0310242217694825,0.0292064030699296,0.0272845526442865,0.0253696173077505,0.0231302230671832,0.0206215885866759,0.0180099830123828,0.0154954642408903,0.0131490210521286,0.0110726869412128,0.00906886889260321,0.00733038899878061,0.00572023133414441,0.00426333594300058,0.00317885282862865,0.0023165620399437,0.00162532498291349,0.00100644739522087,0.000690151322963065,0.267865561196011,0.267697085470956,0.267982879718828,0.268229760138216,0.26839919623473,0.268717398653819,0.26892406971443,0.268972081844091,0.269051135817742,0.269083851804438,0.263083584858697,0.253906053115363,0.244692134479775,0.231351601724965,0.218496996118592,0.20671186447192,0.191201814999658,0.174090405879043,0.158677606564775,0.143990363470039,0.130210913316259,0.11773541158348,0.106244466020212,0.0954769020214182,0.0861813594696195,0.0776964731622574,0.0698802720853,0.0631699916798874,0.0570056386877107,0.0514120895056885,0.046538317216085
4916,174475.644544959,Current WHO guidelines,0.00526767540501008,0.00521423597707068,0.00509519842985752,0.00500147481255767,0.0050166537379622,0.00495183986896773,0.00486676851154537,0.00484826719698015,0.0048598822363987,0.0049289616249158,0.00517833653320616,0.00560367810608933,0.00627134217253526,0.00756111908036036,0.00881218875149548,0.010415024192753,0.0140106422368795,0.020334110889548,0.112557709896622,0.338712362255416,0.60758074911706,0.834574793635983,0.936101149138444,0.972510268642504,0.990051782291778,0.997576341254134,0.99949346218195,0.999870867475499,0.99996166225492,0.999990019314668,0.999995967718689,0.116208260743143,0.116177055653775,0.116243107032343,0.116299284321504,0.116336069953128,0.116369278015605,0.116293067656359,0.116214514537829,0.11607502396427,0.115910704356739,0.113343561832998,0.109028000624963,0.104540148749753,0.0984129547461156,0.0923332362847453,0.0864595904905837,0.0790818036048529,0.0710477603093387,0.063679511293391,0.0342490336723011,0.0185637470090159,0.010550075704321,0.00623018338727146,0.00383145616795876,0.00245919029590024,0.00162054911321839,0.00108769859181489,0.000735535655688425,0.000495156122786521,0.000334826969623567,0.000224166407082842,0.0341049597581306,0.0341110370197892,0.034221508268142,0.0342374267712245,0.0343025565880859,0.0344713657111999,0.0344160575198221,0.0343740451041977,0.0343496191947001,0.0342427257208082,0.0335935596339905,0.0324432132661676,0.0310634467648985,0.0292128142252495,0.0272366333995384,0.0253919589708495,0.0231011767392506,0.0205979149071094,0.0179409123683589,0.00823421661011608,0.00368222657575411,0.00176422178386681,0.000823117860434416,0.000358080548782632,0.000148815609845059,3.73930026877176e-05,1.41046342188692e-05,3.45373954557053e-06,0,0,0,0.268186964392546,0.268022088473206,0.268231848296033,0.268416113727695,0.268583171204094,0.2687208104616,0.26884678231257,0.268886753093963,0.26897314780329,0.269050988663221,0.263137082248329,0.253997635187815,0.244648773062508,0.231357637285715,0.218594037608923,0.2066978814198,0.191178430105687,0.174139703946697,0.158794331282058,0.0955615003300181,0.0561051078078923,0.0337563745961022,0.0209785879614054,0.0134758762717676,0.00910509526213905,0.00637155320870159,0.00461357761386769,0.00338535945413925,0.00253558512614724,0.00192507284021439,0.00148183827785781
4916,174475.644544959,Enhanced coverage,0.00532841127013853,0.00530176737584281,0.00525892604854388,0.00512698150058692,0.00508235801647815,0.0050398519636912,0.0049800431444904,0.00492218813434775,0.00494002509821605,0.00496208537080832,0.00525801858792687,0.00565380717008707,0.0063905298103736,0.00761009475373565,0.00885027147563827,0.0104033898054082,0.0138919669864076,0.0203438152389697,0.168937217147637,0.50983265361541,0.844386258854571,0.966397615890343,0.993383882129809,0.999572123246136,0.999992643554575,0.99999981630257,0.99999993048859,1,1,1,1,0.115982395749462,0.115963296050564,0.115990773519465,0.116051779008568,0.116070295513925,0.116124286530293,0.116056495684533,0.115944101292915,0.115874467627756,0.115750866717686,0.113215501096179,0.108915712235876,0.104457701323558,0.0983469231432013,0.0922549429328028,0.0864013512646973,0.079040173599105,0.0710083646909117,0.0636656127353603,0.0292245400784505,0.0131205594376349,0.00599321972071204,0.00279595214792251,0.00137769469346113,0.000719971720304155,0.000390892336235673,0.000215464685604382,0.00012252559027324,7.2405596905141e-05,4.54293473836802e-05,2.857624779471e-05,0.0338605205417784,0.0339138555121123,0.0340312728023504,0.0341228655949514,0.034153811041851,0.0342053718097242,0.0342190485935278,0.0342525067455694,0.0342277364977844,0.0342239644249861,0.0335908977562132,0.0323904394931262,0.0310176795504921,0.0291930426573361,0.0272993362454474,0.025404109246853,0.0231651215953317,0.0206075669128623,0.0180256629132089,0.00650340499469678,0.00204629616096993,0.000543955764210001,8.48652891954759e-05,4.97033282754722e-05,2.34873369514572e-05,6.02415913198107e-06,5.34062631070759e-07,0,0,0,0,0.268073522319771,0.267864394777047,0.26816894094999,0.26835381447411,0.268568315861981,0.268854506108427,0.268991147533298,0.26903051970179,0.269066055581473,0.269070662320136,0.263094356351505,0.253918647086388,0.244556808574323,0.231319311694931,0.218454510488412,0.206635368746855,0.191024125588994,0.174033727298186,0.158741528419205,0.0857576358856278,0.0428842298111147,0.0212570212123472,0.0104858039297656,0.00544817407318022,0.00310838510649815,0.00192557989192417,0.00127224490225262,0.000894726574448829,0.000660632028126591,0.000470461310267521,0.000321110105400194
4916,174475.644544959,Enhanced frequency,0.00520794963558724,0.00515518600421596,0.00509043011534883,0.00495086447970661,0.00488563339069429,0.00496260329801036,0.00490177269674739,0.00485548435006655,0.00486846015209913,0.00488702242578324,0.00524326629457479,0.00561452149210668,0.00634142202314078,0.00754783067095412,0.00879950663056234,0.0104118843271813,0.0140148698513788,0.0202419366642958,0.424166917635967,0.802857211477732,0.940011247551565,0.981992099777027,0.995685926607781,0.998740975179346,0.999575250652518,0.999829274440878,0.999934940229544,0.99997068574198,0.999988528130206,0.999996823739523,0.999999306956874,0.11617756434301,0.116139103103562,0.116167240383839,0.116223747245478,0.116235592896297,0.116279599918421,0.116198785032473,0.116105122288768,0.11603799440634,0.115853231577258,0.113327231124681,0.108994742241795,0.104542684516894,0.0984220255603827,0.0923167472272717,0.086474685265,0.079086198598071,0.0710558113328685,0.0637080751427602,0.0159797866187705,0.00645963273197391,0.0033142208197518,0.00192164239970657,0.0012064679721343,0.000803958771350344,0.000556273693659687,0.000392425839905264,0.000280888715472768,0.000192374595484994,0.000132765982306234,8.96601251238019e-05,0.033915358521791,0.0339657369966052,0.034076327897895,0.0341548942507516,0.03422708822752,0.0343307420584754,0.0343026294763639,0.0343166132463531,0.0342283755203841,0.0342187623195149,0.0335780841345139,0.0323960632180993,0.0310758256683743,0.0292526109839849,0.0273179369409862,0.0254351689422421,0.0231176152283331,0.0205975643988565,0.0179801507312489,0.00317557865098648,0.000926599619237009,0.000315990725592488,7.74296419948415e-05,9.11452157895104e-06,0,0,0,0,0,0,0,0.267902820912881,0.267773693994712,0.268175865337801,0.268329630391209,0.26857516585179,0.268881466988452,0.269009306588419,0.269043018388595,0.269048105319513,0.269147243776112,0.263215546700425,0.253995845873414,0.244607715490823,0.231262460922079,0.218557416190136,0.206710738359288,0.1912093071207,0.17410335765071,0.158840016673848,0.0492187279316834,0.0223860530670427,0.0123578839978088,0.00771346253498709,0.00537139609526511,0.0039253535748805,0.0030369276961686,0.00234533029584979,0.00183665811977171,0.00146212720432832,0.00114070085326108,0.000910392283342836StateCode,Population,Regime,Probability_of_elimination_by_2000,Probability_of_elimination_by_2001,Probability_of_elimination_by_2002,Probability_of_elimination_by_2003,Probability_of_elimination_by_2004,Probability_of_elimination_by_2005,Probability_of_elimination_by_2006,Probability_of_elimination_by_2007,Probability_of_elimination_by_2008,Probability_of_elimination_by_2009,Probability_of_elimination_by_2010,Probability_of_elimination_by_2011,Probability_of_elimination_by_2012,Probability_of_elimination_by_2013,Probability_of_elimination_by_2014,Probability_of_elimination_by_2015,Probability_of_elimination_by_2016,Probability_of_elimination_by_2017,Probability_of_elimination_by_2018,Probability_of_elimination_by_2019,Probability_of_elimination_by_2020,Probability_of_elimination_by_2021,Probability_of_elimination_by_2022,Probability_of_elimination_by_2023,Probability_of_elimination_by_2024,Probability_of_elimination_by_2025,Probability_of_elimination_by_2026,Probability_of_elimination_by_2027,Probability_of_elimination_by_2028,Probability_of_elimination_by_2029,Probability_of_elimination_by_2030,Prev_Year2000,Prev_Year2001,Prev_Year2002,Prev_Year2003,Prev_Year2004,Prev_Year2005,Prev_Year2006,Prev_Year2007,Prev_Year2008,Prev_Year2009,Prev_Year2010,Prev_Year2011,Prev_Year2012,Prev_Year2013,Prev_Year2014,Prev_Year2015,Prev_Year2016,Prev_Year2017,Prev_Year2018,Prev_Year2019,Prev_Year2020,Prev_Year2021,Prev_Year2022,Prev_Year2023,Prev_Year2024,Prev_Year2025,Prev_Year2026,Prev_Year2027,Prev_Year2028,Prev_Year2029,Prev_Year2030,Lower_Bound_Year2000,Lower_Bound_Year2001,Lower_Bound_Year2002,Lower_Bound_Year2003,Lower_Bound_Year2004,Lower_Bound_Year2005,Lower_Bound_Year2006,Lower_Bound_Year2007,Lower_Bound_Year2008,Lower_Bound_Year2009,Lower_Bound_Year2010,Lower_Bound_Year2011,Lower_Bound_Year2012,Lower_Bound_Year2013,Lower_Bound_Year2014,Lower_Bound_Year2015,Lower_Bound_Year2016,Lower_Bound_Year2017,Lower_Bound_Year2018,Lower_Bound_Year2019,Lower_Bound_Year2020,Lower_Bound_Year2021,Lower_Bound_Year2022,Lower_Bound_Year2023,Lower_Bound_Year2024,Lower_Bound_Year2025,Lower_Bound_Year2026,Lower_Bound_Year2027,Lower_Bound_Year2028,Lower_Bound_Year2029,Lower_Bound_Year2030,Upper_Bound_Year2000,Upper_Bound_Year2001,Upper_Bound_Year2002,Upper_Bound_Year2003,Upper_Bound_Year2004,Upper_Bound_Year2005,Upper_Bound_Year2006,Upper_Bound_Year2007,Upper_Bound_Year2008,Upper_Bound_Year2009,Upper_Bound_Year2010,Upper_Bound_Year2011,Upper_Bound_Year2012,Upper_Bound_Year2013,Upper_Bound_Year2014,Upper_Bound_Year2015,Upper_Bound_Year2016,Upper_Bound_Year2017,Upper_Bound_Year2018,Upper_Bound_Year2019,Upper_Bound_Year2020,Upper_Bound_Year2021,Upper_Bound_Year2022,Upper_Bound_Year2023,Upper_Bound_Year2024,Upper_Bound_Year2025,Upper_Bound_Year2026,Upper_Bound_Year2027,Upper_Bound_Year2028,Upper_Bound_Year2029,Upper_Bound_Year2030
4911,210390.819010258,No MDA,0.33557975747469,0.335473857215001,0.336318012573537,0.337178378477262,0.337700312019895,0.33794461721389,0.339009126951907,0.339939578569762,0.342384888038739,0.346108501761729,0.353947078193604,0.365017482788525,0.382777586427785,0.406397194095621,0.425082256606886,0.447194870187127,0.480639590519492,0.513215370051744,0.553759385615799,0.591391002003229,0.635254191786306,0.680752935709904,0.728042824204753,0.768432052362022,0.806640431851296,0.843464496971423,0.8701719502666,0.894409840406543,0.916008928498093,0.933651716513108,0.949344102616669,0.0305472407032225,0.0304605822832589,0.0303935708178317,0.0303405582450898,0.0302828106254015,0.0302321389759627,0.0301531241445664,0.0300475534601196,0.0299538201556101,0.0298344279328381,0.0291374885826134,0.0279030430733874,0.0265728753822824,0.0248353104590433,0.0230337052738185,0.0213233642086616,0.0192879471457321,0.0170637704974446,0.0150742614892997,0.0132262103812089,0.0115300318886053,0.0100743071340375,0.00877480798159191,0.00761559749684886,0.00664651375812231,0.00577751683990714,0.00502198669493227,0.00439332506061053,0.00384178548892125,0.00335759114801047,0.00295413515064897,0.00516768916692514,0.00518154638039608,0.00522465679708619,0.00524071506633357,0.00525196334677435,0.00528412670035574,0.00532652799619338,0.00532659131417902,0.00535145046074071,0.0053408098138329,0.00527904404137028,0.00511863199893418,0.00492562862221031,0.00466019917513416,0.00437364134554017,0.00405644786840077,0.00370861665007009,0.00332350645187276,0.00282199158454433,0.00236600552939933,0.0019368340598488,0.00154783487237522,0.00119430744382197,0.000876773617129015,0.000593151083460583,0.000383528246968245,0.00022689674860593,0.000130960704778568,4.60013672210653e-05,1.24899671220171e-05,1.12880854978745e-05,0.0829515736017218,0.0824138450766809,0.0820871986513573,0.0817418771670984,0.0814146828183478,0.0810883701293504,0.0807093721187972,0.080349015463073,0.0799508241659394,0.0795295673750234,0.0773051960094293,0.0737230660357039,0.0700696153337572,0.0652871523492087,0.0605721380243438,0.0560999560105005,0.0506927584116556,0.0448853461676202,0.040080620482778,0.0355350394009633,0.031419244107385,0.0279333260690189,0.0248290484400371,0.0220541016750297,0.0197541815282668,0.017684429244287,0.0158549760534826,0.014287541667431,0.0128860029417431,0.0116155298831112,0.0104983145827884
4911,210390.819010258,Current WHO guidelines,0.332496776677993,0.333280590203034,0.33348348926464,0.333998990035675,0.335346821306116,0.335358871712902,0.3364609636833,0.338383513456176,0.340730763321968,0.344095193785015,0.352130111860312,0.363746050623785,0.380743895539236,0.405144559878979,0.424843395871699,0.448113798745678,0.481856007294325,0.512764918895354,0.720843252188097,0.891048520456948,0.969246551848209,0.993558526334643,0.998485915926227,0.999473655251587,0.999841607044184,0.999975014111638,0.99999367722639,0.999998610966653,1,1,1,0.0307411602109506,0.0306492428068501,0.0305839239475324,0.0305254010270514,0.0304636950487581,0.030397543350932,0.0302900201003568,0.0301872906778447,0.0300732064384295,0.0299460448493499,0.0292392151188374,0.02800325977339,0.0266528591703506,0.024889913888804,0.0230689887909705,0.0213582106361469,0.0193056337173387,0.0170665790069903,0.0150809951676497,0.00780372151288078,0.00416068591031913,0.0023714737840913,0.00142179170731718,0.000886565478354595,0.000568161291943875,0.000366739524939641,0.00023902960021847,0.00015459413372474,0.00010072750331979,6.58465335587669e-05,4.51097231752234e-05,0.00517111669847178,0.00519605736662337,0.00522592444383806,0.00525733415226066,0.0052676664598353,0.00529121104113385,0.00532354581734582,0.00531770863404054,0.0053432463557028,0.00535669046812244,0.00527040106123216,0.00512126441315504,0.00492522315170677,0.00466201327605888,0.00436061498262119,0.00404841928283491,0.00370349157105591,0.00331178635924485,0.00282114565428824,0.00118211867244985,0.000371699240503586,7.18699482980914e-05,5.73002123060653e-06,2.25511975333747e-06,9.84517874099492e-07,1.57908248616995e-07,0,0,0,0,0,0.0831398836732349,0.08265118860247,0.0822963155584883,0.0818772170133321,0.0816260673834796,0.0812828018852195,0.0809123764507966,0.0804980666065932,0.08008207211066,0.0796191496830361,0.077406771998457,0.0738333066369997,0.0701199901352769,0.065260877337224,0.0605204754074928,0.056075447026223,0.0506776096387555,0.0448471074000518,0.0401035000733107,0.0222704877452555,0.0129084937761301,0.0078095931580499,0.0049774959909014,0.00334596375541838,0.00239282360806837,0.00178236036910055,0.00135682530388439,0.00107253085047998,0.000816495963100268,0.00062385495534556,0.000485696582736151
4911,210390.819010258,Enhanced coverage,0.332791518007066,0.333409559814106,0.334969448551833,0.335158761721768,0.335002526435365,0.336657581727487,0.337890936860796,0.338558267062713,0.341368759669043,0.344472843716099,0.353100443575006,0.364350640590481,0.382074739892871,0.406224544944101,0.426211754246581,0.448076598015924,0.481307917346693,0.512568355052404,0.777269895755697,0.944599393287287,0.993439992419633,0.999158520083367,0.999867777895545,0.999979598140943,0.99999781109505,0.999999962792829,1,1,1,1,1,0.0305630337030273,0.0304798634960549,0.0304277993065812,0.0303791286021388,0.0303015169945317,0.0302535393350244,0.0301727500090696,0.0300697034731847,0.0299667276120471,0.0298631331862881,0.0291844969153193,0.0279473017981234,0.0266084820606514,0.0248644000198705,0.0230457042545937,0.0213340917338166,0.0193012241320078,0.0170728332295909,0.0151031631020432,0.00659985712588666,0.00289835011710717,0.00134536360867105,0.000659713094111073,0.00034243714277021,0.000183069942981413,9.65860894109611e-05,4.98982553882206e-05,2.6933303992573e-05,1.47019996058034e-05,8.68015951723294e-06,5.75906014897237e-06,0.00514183813741017,0.0051466335783415,0.00518760630768633,0.0052019559371422,0.00520889914866444,0.00523533589850291,0.0052619634542458,0.00525731622316093,0.00529589065962432,0.00532299127891822,0.00524704363043071,0.0051033494482198,0.00489957376951962,0.0046403218184172,0.00435226928381656,0.00403089495653066,0.00369318266013394,0.00331512123227177,0.0028145883902074,0.00088331206387483,0.000108990869853632,6.40568893421001e-06,2.18247477459527e-06,2.43171518491788e-07,0,0,0,0,0,0,0,0.082562813302608,0.0821506954807632,0.081851493042654,0.0814718999408564,0.0812212167552151,0.0809265748252501,0.0805956629567567,0.0802253562292238,0.0798854692295134,0.0794796768469904,0.0772886988112925,0.0737404472020037,0.0700843010639266,0.0652603022350006,0.0605108081546007,0.0560784066318252,0.0506652940649857,0.0448940145635404,0.040129437336696,0.0196166672665655,0.00986867694649003,0.00502926300941741,0.00270365414466458,0.00162025841669368,0.00106453400959485,0.000696352195587687,0.000452956014709573,0.000308265747480342,0.000194780161791213,0.000109601645004546,5.45408050437549e-05
4911,210390.819010258,Enhanced frequency,0.332702926222773,0.334038775258788,0.333855495556098,0.334380593428854,0.334045405088767,0.336660116779966,0.337901641994358,0.339272379978117,0.340332256174894,0.344168975911495,0.353417042115649,0.36496408474492,0.382669211624704,0.406118181227181,0.426129195680325,0.448272301480569,0.481958841271818,0.512631758481962,0.909590966594861,0.989580513933269,0.998764558657711,0.999777150912758,0.999955705095065,0.99998941971655,0.999992115133052,0.999994824398789,0.999999943298831,0.999999895119487,1,1,1,0.030596745758883,0.0305103265373547,0.0304452105957109,0.0303889603166705,0.0303270024450678,0.0302753229426774,0.0301836883917226,0.030078411612089,0.0299850818477201,0.0298581600712317,0.0291711443564421,0.0279412863947685,0.0266105204386726,0.0248783694705548,0.0230504045283384,0.0213422257714699,0.019306340897196,0.0170695360621763,0.0150953390431822,0.00373967184142783,0.00151584848421275,0.00075776718552696,0.000418065918683421,0.00024442785745812,0.000154277948473354,0.000101031102677125,6.7328544194785e-05,4.65391581615342e-05,3.2227221548104e-05,2.19509235234471e-05,1.36623869977445e-05,0.00515814940240601,0.00518836692175061,0.00522365591701052,0.00523503321164502,0.00526398850426063,0.00528478593718979,0.00530851685687903,0.00530263349817987,0.00532553203471798,0.00531772893204821,0.00527349343448079,0.00510911649557211,0.00490638717922833,0.00465724557574381,0.00437083432185468,0.00404442158961158,0.00370325877529667,0.00331651126491218,0.00282860459772865,0.000422362336008572,2.74820850485388e-05,9.84517874099492e-07,0,0,0,0,0,0,0,0,0,0.082771194931021,0.0823302249303398,0.0819547296446874,0.0816118215427303,0.0813484389246298,0.0810504080884425,0.0807234993093031,0.0803609991001384,0.0799254218398117,0.0794958478854845,0.0772873959362245,0.0737375267150424,0.0700848871295766,0.0652949742064692,0.0604916926552819,0.0560563977261986,0.0506885765348161,0.0448929055055009,0.0401021042863879,0.0119039717104799,0.00556714409391107,0.00318356176825576,0.0021225962861035,0.00154117374867503,0.00120193199504021,0.000880519738815709,0.000632049153395474,0.000501355544524911,0.000429918069938798,0.000327979632825837,0.000224779923526139StateCode,Population,Regime,Probability_of_elimination_by_2000,Probability_of_elimination_by_2001,Probability_of_elimination_by_2002,Probability_of_elimination_by_2003,Probability_of_elimination_by_2004,Probability_of_elimination_by_2005,Probability_of_elimination_by_2006,Probability_of_elimination_by_2007,Probability_of_elimination_by_2008,Probability_of_elimination_by_2009,Probability_of_elimination_by_2010,Probability_of_elimination_by_2011,Probability_of_elimination_by_2012,Probability_of_elimination_by_2013,Probability_of_elimination_by_2014,Probability_of_elimination_by_2015,Probability_of_elimination_by_2016,Probability_of_elimination_by_2017,Probability_of_elimination_by_2018,Probability_of_elimination_by_2019,Probability_of_elimination_by_2020,Probability_of_elimination_by_2021,Probability_of_elimination_by_2022,Probability_of_elimination_by_2023,Probability_of_elimination_by_2024,Probability_of_elimination_by_2025,Probability_of_elimination_by_2026,Probability_of_elimination_by_2027,Probability_of_elimination_by_2028,Probability_of_elimination_by_2029,Probability_of_elimination_by_2030,Prev_Year2000,Prev_Year2001,Prev_Year2002,Prev_Year2003,Prev_Year2004,Prev_Year2005,Prev_Year2006,Prev_Year2007,Prev_Year2008,Prev_Year2009,Prev_Year2010,Prev_Year2011,Prev_Year2012,Prev_Year2013,Prev_Year2014,Prev_Year2015,Prev_Year2016,Prev_Year2017,Prev_Year2018,Prev_Year2019,Prev_Year2020,Prev_Year2021,Prev_Year2022,Prev_Year2023,Prev_Year2024,Prev_Year2025,Prev_Year2026,Prev_Year2027,Prev_Year2028,Prev_Year2029,Prev_Year2030,Lower_Bound_Year2000,Lower_Bound_Year2001,Lower_Bound_Year2002,Lower_Bound_Year2003,Lower_Bound_Year2004,Lower_Bound_Year2005,Lower_Bound_Year2006,Lower_Bound_Year2007,Lower_Bound_Year2008,Lower_Bound_Year2009,Lower_Bound_Year2010,Lower_Bound_Year2011,Lower_Bound_Year2012,Lower_Bound_Year2013,Lower_Bound_Year2014,Lower_Bound_Year2015,Lower_Bound_Year2016,Lower_Bound_Year2017,Lower_Bound_Year2018,Lower_Bound_Year2019,Lower_Bound_Year2020,Lower_Bound_Year2021,Lower_Bound_Year2022,Lower_Bound_Year2023,Lower_Bound_Year2024,Lower_Bound_Year2025,Lower_Bound_Year2026,Lower_Bound_Year2027,Lower_Bound_Year2028,Lower_Bound_Year2029,Lower_Bound_Year2030,Upper_Bound_Year2000,Upper_Bound_Year2001,Upper_Bound_Year2002,Upper_Bound_Year2003,Upper_Bound_Year2004,Upper_Bound_Year2005,Upper_Bound_Year2006,Upper_Bound_Year2007,Upper_Bound_Year2008,Upper_Bound_Year2009,Upper_Bound_Year2010,Upper_Bound_Year2011,Upper_Bound_Year2012,Upper_Bound_Year2013,Upper_Bound_Year2014,Upper_Bound_Year2015,Upper_Bound_Year2016,Upper_Bound_Year2017,Upper_Bound_Year2018,Upper_Bound_Year2019,Upper_Bound_Year2020,Upper_Bound_Year2021,Upper_Bound_Year2022,Upper_Bound_Year2023,Upper_Bound_Year2024,Upper_Bound_Year2025,Upper_Bound_Year2026,Upper_Bound_Year2027,Upper_Bound_Year2028,Upper_Bound_Year2029,Upper_Bound_Year2030
4914,207894.49254635,No MDA,0.373622961416184,0.374213858273724,0.374401678764561,0.374238976855773,0.374895689290931,0.375874360795548,0.377090344603519,0.377275366669316,0.378957023980215,0.383037662478383,0.39248323968935,0.409912388147791,0.429814517077719,0.455097598584226,0.477171109792122,0.505044702184336,0.545370503300253,0.584720046283338,0.633916921455631,0.677353695887835,0.723874816979432,0.768318214852716,0.806566116260273,0.839480984005489,0.870684360376312,0.895425511991655,0.915052015758917,0.932181741524447,0.946948216357936,0.958106495460399,0.968068272660676,0.0249459548385362,0.024875269257997,0.0248225834979686,0.0247672632222311,0.0247168585501023,0.0246643340416447,0.024596360873874,0.0245120236711769,0.0244296235709914,0.0243280405526429,0.0237710676653496,0.0227755650097866,0.0216770970636179,0.0202574212848769,0.0187869949481449,0.0173777244427668,0.0157215934532788,0.0139066741195354,0.0122771042545006,0.0107707006295172,0.00939052606803828,0.00820551107663746,0.00714942072034203,0.00620865305102671,0.00542248463302819,0.00472340001250535,0.00411451005557157,0.00360421647389395,0.00315809606226606,0.00276562969437801,0.00243634896381664,0.00329176370327092,0.00330084741634864,0.0033122309175402,0.00331609314487939,0.00333311354985196,0.00333621531477954,0.00335395087936783,0.00335490116948651,0.00336412999243745,0.00334996183024334,0.00329157424006222,0.00321248020349724,0.00307523060190451,0.00291353349386739,0.00272784429677289,0.00252670213109047,0.00230379786740828,0.00207880935112039,0.00175545147781792,0.00149153850140724,0.00119913818246384,0.000959452367919944,0.000756030844717115,0.000574847986974508,0.000392746108223788,0.000236052355986309,0.000123697329831483,6.94424558602805e-05,2.24826503530943e-05,7.76869724515934e-06,7.26038493637536e-06,0.0696333582025547,0.0692493262990496,0.0689126290551455,0.0686071946320966,0.0683746442351744,0.0680966299453415,0.0677690026220023,0.0673391706723551,0.0669502508308694,0.0665896382025923,0.0648605672165806,0.0618368186137819,0.0588159201915978,0.054862170560205,0.0507787124072979,0.0470649233122054,0.0425289298384297,0.0376553267541663,0.0336150897478932,0.0298713013888873,0.0264255394925104,0.0235520230961796,0.0209805465537929,0.0186916708119101,0.0167748726655909,0.0150391322593919,0.0135037361717939,0.0121580117969658,0.01094220742244,0.00983456074546077,0.0088842056851246
4914,207894.49254635,Current WHO guidelines,0.371334941723104,0.372593951139204,0.373515199817292,0.373571075831135,0.374168943165646,0.374447488109733,0.375780098684066,0.376485291313547,0.378745809263466,0.382083967401086,0.391669061999227,0.408558460192509,0.42767855336522,0.452427898959846,0.476321466404898,0.505553864130095,0.546594854615876,0.584252110404677,0.802426835540541,0.931109770246706,0.980584594701053,0.995712128266722,0.998813836722398,0.999550792389581,0.999861343369813,0.999974915568239,0.999994236429868,0.999999279038738,1,1,1,0.0250838113663064,0.0250084388408534,0.0249541450109645,0.0248977614297736,0.0248434376007604,0.0247855540784898,0.024695364249271,0.024601799124169,0.0245067131827471,0.0244051637292091,0.0238341160834922,0.0228349285972007,0.0217278811895675,0.0203003930888505,0.0188091926922988,0.0173966622537146,0.015729196063929,0.0138987704814962,0.0122772230738337,0.00635336749268207,0.00340473296021554,0.00195228570426629,0.00117651921003476,0.000734754093741083,0.000467019720105334,0.000297221686039633,0.000189648545873628,0.000119371963986054,7.69310436770285e-05,4.91899587962302e-05,3.44302563136989e-05,0.00330429744488718,0.00331104246122308,0.00331432479427929,0.00332711125746818,0.00334158945890619,0.00335053216344888,0.00335840397040576,0.00336789441799015,0.00336394081297,0.0033650311896064,0.00331925230931306,0.00322308995993634,0.00309157168010473,0.00293020582451933,0.00272867738603631,0.00255004316431666,0.00229810174606696,0.00207706491542732,0.00175810842559937,0.000749931257212963,0.000214303137409954,4.37456656804943e-05,3.58603483857786e-06,1.82178526140383e-06,8.42452617699168e-07,0,0,0,0,0,0,0.0698874519543752,0.0695288450253006,0.0691732360765884,0.0687920773145771,0.0685152224205676,0.0681839110223096,0.0678293020672996,0.0674494918879035,0.067157900808127,0.0666981249078103,0.064965455959714,0.0619772551010725,0.0588922813434831,0.054845355707548,0.0508207467421572,0.0470724609386388,0.0425415728264809,0.0376554155069459,0.0336202464101581,0.0187572805102848,0.01085148331386,0.00653682963763897,0.00414414851006946,0.00277866622078263,0.00196695542358687,0.00143746619536498,0.00107634727530086,0.000847824361323072,0.000657975402228721,0.000505477011961439,0.000395354506128435
4914,207894.49254635,Enhanced coverage,0.372972569460251,0.373471405026592,0.37492961404478,0.374732512701572,0.374282708497097,0.375766159725849,0.376879959334296,0.376755865675623,0.378974528647758,0.382523633674255,0.393655397545681,0.410201954420394,0.429007776360026,0.455135202528025,0.477876991513073,0.506371233972612,0.546136244767454,0.583823290737874,0.84799978955586,0.96501948241099,0.995707863779339,0.999309598955134,0.999867804666501,0.999991215786654,0.999999840744194,1,1,1,1,1,1,0.0249374918867016,0.0248687716831032,0.0248197835182229,0.0247821193185892,0.024722280768256,0.0246824723203596,0.0246131267723378,0.0245283225446735,0.0244352458504784,0.0243508053561837,0.0237978967247815,0.0228021998100576,0.0217012689977138,0.0202826721179176,0.0187984128314417,0.0173893687738678,0.0157272118391628,0.0139068988679407,0.012293814902456,0.00537109964995204,0.00237741811180896,0.00111661465332736,0.00055273053057308,0.000285721633011653,0.00015021502638165,7.84055226283632e-05,3.95951708685909e-05,2.25601268833139e-05,1.18131700343452e-05,7.17298306183047e-06,4.70118650970889e-06,0.00329992221616235,0.00330097234669309,0.00331466445233536,0.00331886124648268,0.00332814709356783,0.00334210476975249,0.00335288793224707,0.00335278514751806,0.00335647538615877,0.00337029103787087,0.00331404673372735,0.0032227889250426,0.00308257321120173,0.0029150584580367,0.00274130663193184,0.00254254702464221,0.00229468863017095,0.00208210427459175,0.00176125106462452,0.000571125817860443,4.44270343189683e-05,4.1239506525756e-06,1.42074947341158e-06,4.41416829706923e-07,0,0,0,0,0,0,0,0.0694559645938754,0.0691138610395062,0.0687906348397004,0.0685175322807991,0.0682306141998843,0.0680117537360768,0.0676714542370272,0.0673185002075656,0.0669632027092597,0.0665937272552623,0.0649025815114913,0.0619213114165472,0.0589149830839207,0.0548654118524875,0.0508586569131222,0.0471343412616636,0.0425719475190201,0.0376675611891942,0.0336533545688852,0.0165484530525921,0.0083111557823307,0.0042254153773556,0.00225257971653344,0.00133704160351318,0.000859616123925898,0.000566928406584112,0.000377446084639775,0.000252877736913849,0.000159541353773,8.7026208281532e-05,3.62518412742078e-05
4914,207894.49254635,Enhanced frequency,0.372303740051224,0.372998517603524,0.374173290403681,0.373677410031311,0.372852881062227,0.37502405530384,0.375681778393151,0.376188082309652,0.376708303016982,0.381257942828891,0.39196463713327,0.408493977240889,0.42832385171337,0.453514681498907,0.476658148481337,0.505699381489045,0.54720681073326,0.5842952264067,0.942559751307641,0.993518014429156,0.999007657298214,0.999780824554764,0.999961025865783,0.999990819784488,0.999998082395785,0.999999349327831,0.999999851476133,0.999999973581911,1,1,1,0.0249790393134308,0.024917024165773,0.0248613935891774,0.0248071166931981,0.0247595378780688,0.0247101084532741,0.0246343756002738,0.0245408571028969,0.0244670121008293,0.024359204169687,0.0238125430349691,0.0228161589616712,0.0217222306342698,0.0203028566655116,0.0188101187278292,0.0173978992054269,0.0157355389291005,0.0139068987366827,0.01228994367019,0.00306682347410395,0.00124602036036532,0.000619106322698032,0.00033386494823746,0.000190162946704326,0.000118335316110089,7.58024130008279e-05,5.02925637532922e-05,3.40859022059394e-05,2.26829471499438e-05,1.45325330602785e-05,9.55432527380972e-06,0.00328999770951294,0.00330647994699353,0.00330991462931683,0.00332157900167997,0.00334866236212716,0.00335866005606108,0.00335766304718979,0.0033606841642895,0.00336722990584961,0.00336961462766024,0.003317597102894,0.0032179863517663,0.00308774475127994,0.00293088062014963,0.00273923561783997,0.00255333747984244,0.00230140485253671,0.00207718917792964,0.00175462426100793,0.000266359652919968,1.82653549196275e-05,8.42452617699168e-07,0,0,0,0,0,0,0,0,0,0.0697019846770901,0.0694164239166204,0.069006870581449,0.0686956138356588,0.06831712723459,0.0680965884485253,0.0677140283099919,0.0673480890377417,0.0670184531300716,0.0666412678949043,0.0648591190022492,0.0619600964606712,0.0589248004254417,0.0548854211971017,0.0508382997172019,0.0470555187809383,0.0425491549281362,0.0376263722323792,0.0336173916269484,0.00995294442282264,0.00460767932830455,0.00260464579641533,0.00174781959648981,0.00120758023341548,0.000936185179985149,0.000725194448129225,0.000550535621180823,0.000434213195945034,0.000330556246197438,0.000215568811188562,0.000116187081150882StateCode,Population,Regime,Probability_of_elimination_by_2000,Probability_of_elimination_by_2001,Probability_of_elimination_by_2002,Probability_of_elimination_by_2003,Probability_of_elimination_by_2004,Probability_of_elimination_by_2005,Probability_of_elimination_by_2006,Probability_of_elimination_by_2007,Probability_of_elimination_by_2008,Probability_of_elimination_by_2009,Probability_of_elimination_by_2010,Probability_of_elimination_by_2011,Probability_of_elimination_by_2012,Probability_of_elimination_by_2013,Probability_of_elimination_by_2014,Probability_of_elimination_by_2015,Probability_of_elimination_by_2016,Probability_of_elimination_by_2017,Probability_of_elimination_by_2018,Probability_of_elimination_by_2019,Probability_of_elimination_by_2020,Probability_of_elimination_by_2021,Probability_of_elimination_by_2022,Probability_of_elimination_by_2023,Probability_of_elimination_by_2024,Probability_of_elimination_by_2025,Probability_of_elimination_by_2026,Probability_of_elimination_by_2027,Probability_of_elimination_by_2028,Probability_of_elimination_by_2029,Probability_of_elimination_by_2030,Prev_Year2000,Prev_Year2001,Prev_Year2002,Prev_Year2003,Prev_Year2004,Prev_Year2005,Prev_Year2006,Prev_Year2007,Prev_Year2008,Prev_Year2009,Prev_Year2010,Prev_Year2011,Prev_Year2012,Prev_Year2013,Prev_Year2014,Prev_Year2015,Prev_Year2016,Prev_Year2017,Prev_Year2018,Prev_Year2019,Prev_Year2020,Prev_Year2021,Prev_Year2022,Prev_Year2023,Prev_Year2024,Prev_Year2025,Prev_Year2026,Prev_Year2027,Prev_Year2028,Prev_Year2029,Prev_Year2030,Lower_Bound_Year2000,Lower_Bound_Year2001,Lower_Bound_Year2002,Lower_Bound_Year2003,Lower_Bound_Year2004,Lower_Bound_Year2005,Lower_Bound_Year2006,Lower_Bound_Year2007,Lower_Bound_Year2008,Lower_Bound_Year2009,Lower_Bound_Year2010,Lower_Bound_Year2011,Lower_Bound_Year2012,Lower_Bound_Year2013,Lower_Bound_Year2014,Lower_Bound_Year2015,Lower_Bound_Year2016,Lower_Bound_Year2017,Lower_Bound_Year2018,Lower_Bound_Year2019,Lower_Bound_Year2020,Lower_Bound_Year2021,Lower_Bound_Year2022,Lower_Bound_Year2023,Lower_Bound_Year2024,Lower_Bound_Year2025,Lower_Bound_Year2026,Lower_Bound_Year2027,Lower_Bound_Year2028,Lower_Bound_Year2029,Lower_Bound_Year2030,Upper_Bound_Year2000,Upper_Bound_Year2001,Upper_Bound_Year2002,Upper_Bound_Year2003,Upper_Bound_Year2004,Upper_Bound_Year2005,Upper_Bound_Year2006,Upper_Bound_Year2007,Upper_Bound_Year2008,Upper_Bound_Year2009,Upper_Bound_Year2010,Upper_Bound_Year2011,Upper_Bound_Year2012,Upper_Bound_Year2013,Upper_Bound_Year2014,Upper_Bound_Year2015,Upper_Bound_Year2016,Upper_Bound_Year2017,Upper_Bound_Year2018,Upper_Bound_Year2019,Upper_Bound_Year2020,Upper_Bound_Year2021,Upper_Bound_Year2022,Upper_Bound_Year2023,Upper_Bound_Year2024,Upper_Bound_Year2025,Upper_Bound_Year2026,Upper_Bound_Year2027,Upper_Bound_Year2028,Upper_Bound_Year2029,Upper_Bound_Year2030
4914,207894.49254635,No MDA,0.373622961416184,0.374213858273724,0.374401678764561,0.374238976855773,0.374895689290931,0.375874360795548,0.377090344603519,0.377275366669316,0.378957023980215,0.383037662478383,0.39248323968935,0.409912388147791,0.429814517077719,0.455097598584226,0.477171109792122,0.505044702184336,0.545370503300253,0.584720046283338,0.633916921455631,0.677353695887835,0.723874816979432,0.768318214852716,0.806566116260273,0.839480984005489,0.870684360376312,0.895425511991655,0.915052015758917,0.932181741524447,0.946948216357936,0.958106495460399,0.968068272660676,0.0249459548385362,0.024875269257997,0.0248225834979686,0.0247672632222311,0.0247168585501023,0.0246643340416447,0.024596360873874,0.0245120236711769,0.0244296235709914,0.0243280405526429,0.0237710676653496,0.0227755650097866,0.0216770970636179,0.0202574212848769,0.0187869949481449,0.0173777244427668,0.0157215934532788,0.0139066741195354,0.0122771042545006,0.0107707006295172,0.00939052606803828,0.00820551107663746,0.00714942072034203,0.00620865305102671,0.00542248463302819,0.00472340001250535,0.00411451005557157,0.00360421647389395,0.00315809606226606,0.00276562969437801,0.00243634896381664,0.00329176370327092,0.00330084741634864,0.0033122309175402,0.00331609314487939,0.00333311354985196,0.00333621531477954,0.00335395087936783,0.00335490116948651,0.00336412999243745,0.00334996183024334,0.00329157424006222,0.00321248020349724,0.00307523060190451,0.00291353349386739,0.00272784429677289,0.00252670213109047,0.00230379786740828,0.00207880935112039,0.00175545147781792,0.00149153850140724,0.00119913818246384,0.000959452367919944,0.000756030844717115,0.000574847986974508,0.000392746108223788,0.000236052355986309,0.000123697329831483,6.94424558602805e-05,2.24826503530943e-05,7.76869724515934e-06,7.26038493637536e-06,0.0696333582025547,0.0692493262990496,0.0689126290551455,0.0686071946320966,0.0683746442351744,0.0680966299453415,0.0677690026220023,0.0673391706723551,0.0669502508308694,0.0665896382025923,0.0648605672165806,0.0618368186137819,0.0588159201915978,0.054862170560205,0.0507787124072979,0.0470649233122054,0.0425289298384297,0.0376553267541663,0.0336150897478932,0.0298713013888873,0.0264255394925104,0.0235520230961796,0.0209805465537929,0.0186916708119101,0.0167748726655909,0.0150391322593919,0.0135037361717939,0.0121580117969658,0.01094220742244,0.00983456074546077,0.0088842056851246
4914,207894.49254635,Current WHO guidelines,0.371334941723104,0.372593951139204,0.373515199817292,0.373571075831135,0.374168943165646,0.374447488109733,0.375780098684066,0.376485291313547,0.378745809263466,0.382083967401086,0.391669061999227,0.408558460192509,0.42767855336522,0.452427898959846,0.476321466404898,0.505553864130095,0.546594854615876,0.584252110404677,0.802426835540541,0.931109770246706,0.980584594701053,0.995712128266722,0.998813836722398,0.999550792389581,0.999861343369813,0.999974915568239,0.999994236429868,0.999999279038738,1,1,1,0.0250838113663064,0.0250084388408534,0.0249541450109645,0.0248977614297736,0.0248434376007604,0.0247855540784898,0.024695364249271,0.024601799124169,0.0245067131827471,0.0244051637292091,0.0238341160834922,0.0228349285972007,0.0217278811895675,0.0203003930888505,0.0188091926922988,0.0173966622537146,0.015729196063929,0.0138987704814962,0.0122772230738337,0.00635336749268207,0.00340473296021554,0.00195228570426629,0.00117651921003476,0.000734754093741083,0.000467019720105334,0.000297221686039633,0.000189648545873628,0.000119371963986054,7.69310436770285e-05,4.91899587962302e-05,3.44302563136989e-05,0.00330429744488718,0.00331104246122308,0.00331432479427929,0.00332711125746818,0.00334158945890619,0.00335053216344888,0.00335840397040576,0.00336789441799015,0.00336394081297,0.0033650311896064,0.00331925230931306,0.00322308995993634,0.00309157168010473,0.00293020582451933,0.00272867738603631,0.00255004316431666,0.00229810174606696,0.00207706491542732,0.00175810842559937,0.000749931257212963,0.000214303137409954,4.37456656804943e-05,3.58603483857786e-06,1.82178526140383e-06,8.42452617699168e-07,0,0,0,0,0,0,0.0698874519543752,0.0695288450253006,0.0691732360765884,0.0687920773145771,0.0685152224205676,0.0681839110223096,0.0678293020672996,0.0674494918879035,0.067157900808127,0.0666981249078103,0.064965455959714,0.0619772551010725,0.0588922813434831,0.054845355707548,0.0508207467421572,0.0470724609386388,0.0425415728264809,0.0376554155069459,0.0336202464101581,0.0187572805102848,0.01085148331386,0.00653682963763897,0.00414414851006946,0.00277866622078263,0.00196695542358687,0.00143746619536498,0.00107634727530086,0.000847824361323072,0.000657975402228721,0.000505477011961439,0.000395354506128435
4914,207894.49254635,Enhanced coverage,0.372972569460251,0.373471405026592,0.37492961404478,0.374732512701572,0.374282708497097,0.375766159725849,0.376879959334296,0.376755865675623,0.378974528647758,0.382523633674255,0.393655397545681,0.410201954420394,0.429007776360026,0.455135202528025,0.477876991513073,0.506371233972612,0.546136244767454,0.583823290737874,0.84799978955586,0.96501948241099,0.995707863779339,0.999309598955134,0.999867804666501,0.999991215786654,0.999999840744194,1,1,1,1,1,1,0.0249374918867016,0.0248687716831032,0.0248197835182229,0.0247821193185892,0.024722280768256,0.0246824723203596,0.0246131267723378,0.0245283225446735,0.0244352458504784,0.0243508053561837,0.0237978967247815,0.0228021998100576,0.0217012689977138,0.0202826721179176,0.0187984128314417,0.0173893687738678,0.0157272118391628,0.0139068988679407,0.012293814902456,0.00537109964995204,0.00237741811180896,0.00111661465332736,0.00055273053057308,0.000285721633011653,0.00015021502638165,7.84055226283632e-05,3.95951708685909e-05,2.25601268833139e-05,1.18131700343452e-05,7.17298306183047e-06,4.70118650970889e-06,0.00329992221616235,0.00330097234669309,0.00331466445233536,0.00331886124648268,0.00332814709356783,0.00334210476975249,0.00335288793224707,0.00335278514751806,0.00335647538615877,0.00337029103787087,0.00331404673372735,0.0032227889250426,0.00308257321120173,0.0029150584580367,0.00274130663193184,0.00254254702464221,0.00229468863017095,0.00208210427459175,0.00176125106462452,0.000571125817860443,4.44270343189683e-05,4.1239506525756e-06,1.42074947341158e-06,4.41416829706923e-07,0,0,0,0,0,0,0,0.0694559645938754,0.0691138610395062,0.0687906348397004,0.0685175322807991,0.0682306141998843,0.0680117537360768,0.0676714542370272,0.0673185002075656,0.0669632027092597,0.0665937272552623,0.0649025815114913,0.0619213114165472,0.0589149830839207,0.0548654118524875,0.0508586569131222,0.0471343412616636,0.0425719475190201,0.0376675611891942,0.0336533545688852,0.0165484530525921,0.0083111557823307,0.0042254153773556,0.00225257971653344,0.00133704160351318,0.000859616123925898,0.000566928406584112,0.000377446084639775,0.000252877736913849,0.000159541353773,8.7026208281532e-05,3.62518412742078e-05
4914,207894.49254635,Enhanced frequency,0.372303740051224,0.372998517603524,0.374173290403681,0.373677410031311,0.372852881062227,0.37502405530384,0.375681778393151,0.376188082309652,0.376708303016982,0.381257942828891,0.39196463713327,0.408493977240889,0.42832385171337,0.453514681498907,0.476658148481337,0.505699381489045,0.54720681073326,0.5842952264067,0.942559751307641,0.993518014429156,0.999007657298214,0.999780824554764,0.999961025865783,0.999990819784488,0.999998082395785,0.999999349327831,0.999999851476133,0.999999973581911,1,1,1,0.0249790393134308,0.024917024165773,0.0248613935891774,0.0248071166931981,0.0247595378780688,0.0247101084532741,0.0246343756002738,0.0245408571028969,0.0244670121008293,0.024359204169687,0.0238125430349691,0.0228161589616712,0.0217222306342698,0.0203028566655116,0.0188101187278292,0.0173978992054269,0.0157355389291005,0.0139068987366827,0.01228994367019,0.00306682347410395,0.00124602036036532,0.000619106322698032,0.00033386494823746,0.000190162946704326,0.000118335316110089,7.58024130008279e-05,5.02925637532922e-05,3.40859022059394e-05,2.26829471499438e-05,1.45325330602785e-05,9.55432527380972e-06,0.00328999770951294,0.00330647994699353,0.00330991462931683,0.00332157900167997,0.00334866236212716,0.00335866005606108,0.00335766304718979,0.0033606841642895,0.00336722990584961,0.00336961462766024,0.003317597102894,0.0032179863517663,0.00308774475127994,0.00293088062014963,0.00273923561783997,0.00255333747984244,0.00230140485253671,0.00207718917792964,0.00175462426100793,0.000266359652919968,1.82653549196275e-05,8.42452617699168e-07,0,0,0,0,0,0,0,0,0,0.0697019846770901,0.0694164239166204,0.069006870581449,0.0686956138356588,0.06831712723459,0.0680965884485253,0.0677140283099919,0.0673480890377417,0.0670184531300716,0.0666412678949043,0.0648591190022492,0.0619600964606712,0.0589248004254417,0.0548854211971017,0.0508382997172019,0.0470555187809383,0.0425491549281362,0.0376263722323792,0.0336173916269484,0.00995294442282264,0.00460767932830455,0.00260464579641533,0.00174781959648981,0.00120758023341548,0.000936185179985149,0.000725194448129225,0.000550535621180823,0.000434213195945034,0.000330556246197438,0.000215568811188562,0.000116187081150882StateCode,Population,Regime,Probability_of_elimination_by_2000,Probability_of_elimination_by_2001,Probability_of_elimination_by_2002,Probability_of_elimination_by_2003,Probability_of_elimination_by_2004,Probability_of_elimination_by_2005,Probability_of_elimination_by_2006,Probability_of_elimination_by_2007,Probability_of_elimination_by_2008,Probability_of_elimination_by_2009,Probability_of_elimination_by_2010,Probability_of_elimination_by_2011,Probability_of_elimination_by_2012,Probability_of_elimination_by_2013,Probability_of_elimination_by_2014,Probability_of_elimination_by_2015,Probability_of_elimination_by_2016,Probability_of_elimination_by_2017,Probability_of_elimination_by_2018,Probability_of_elimination_by_2019,Probability_of_elimination_by_2020,Probability_of_elimination_by_2021,Probability_of_elimination_by_2022,Probability_of_elimination_by_2023,Probability_of_elimination_by_2024,Probability_of_elimination_by_2025,Probability_of_elimination_by_2026,Probability_of_elimination_by_2027,Probability_of_elimination_by_2028,Probability_of_elimination_by_2029,Probability_of_elimination_by_2030,Prev_Year2000,Prev_Year2001,Prev_Year2002,Prev_Year2003,Prev_Year2004,Prev_Year2005,Prev_Year2006,Prev_Year2007,Prev_Year2008,Prev_Year2009,Prev_Year2010,Prev_Year2011,Prev_Year2012,Prev_Year2013,Prev_Year2014,Prev_Year2015,Prev_Year2016,Prev_Year2017,Prev_Year2018,Prev_Year2019,Prev_Year2020,Prev_Year2021,Prev_Year2022,Prev_Year2023,Prev_Year2024,Prev_Year2025,Prev_Year2026,Prev_Year2027,Prev_Year2028,Prev_Year2029,Prev_Year2030,Lower_Bound_Year2000,Lower_Bound_Year2001,Lower_Bound_Year2002,Lower_Bound_Year2003,Lower_Bound_Year2004,Lower_Bound_Year2005,Lower_Bound_Year2006,Lower_Bound_Year2007,Lower_Bound_Year2008,Lower_Bound_Year2009,Lower_Bound_Year2010,Lower_Bound_Year2011,Lower_Bound_Year2012,Lower_Bound_Year2013,Lower_Bound_Year2014,Lower_Bound_Year2015,Lower_Bound_Year2016,Lower_Bound_Year2017,Lower_Bound_Year2018,Lower_Bound_Year2019,Lower_Bound_Year2020,Lower_Bound_Year2021,Lower_Bound_Year2022,Lower_Bound_Year2023,Lower_Bound_Year2024,Lower_Bound_Year2025,Lower_Bound_Year2026,Lower_Bound_Year2027,Lower_Bound_Year2028,Lower_Bound_Year2029,Lower_Bound_Year2030,Upper_Bound_Year2000,Upper_Bound_Year2001,Upper_Bound_Year2002,Upper_Bound_Year2003,Upper_Bound_Year2004,Upper_Bound_Year2005,Upper_Bound_Year2006,Upper_Bound_Year2007,Upper_Bound_Year2008,Upper_Bound_Year2009,Upper_Bound_Year2010,Upper_Bound_Year2011,Upper_Bound_Year2012,Upper_Bound_Year2013,Upper_Bound_Year2014,Upper_Bound_Year2015,Upper_Bound_Year2016,Upper_Bound_Year2017,Upper_Bound_Year2018,Upper_Bound_Year2019,Upper_Bound_Year2020,Upper_Bound_Year2021,Upper_Bound_Year2022,Upper_Bound_Year2023,Upper_Bound_Year2024,Upper_Bound_Year2025,Upper_Bound_Year2026,Upper_Bound_Year2027,Upper_Bound_Year2028,Upper_Bound_Year2029,Upper_Bound_Year2030
4915,146064.855900764,No MDA,0.18859287804515,0.189311417193694,0.18900113146671,0.188792103789063,0.188793711122264,0.188791148870622,0.188970724245271,0.188898549611992,0.189814562438784,0.192384055657733,0.199128194951052,0.212600905522707,0.229489914444017,0.253921629000475,0.276811433798581,0.307315160191397,0.359218223479893,0.420295074223757,0.496994637109627,0.562173267274014,0.626746325552701,0.686854964769637,0.739915845812633,0.783437582037149,0.826339479674113,0.861298186564833,0.887272808718128,0.910249816979722,0.929879311654615,0.945755315574018,0.958787694434381,0.0319110073552482,0.0318291693168939,0.0317615674633177,0.0317045691584835,0.0316436036542025,0.031587909809819,0.0315046940032485,0.0313977705401481,0.0312953569298514,0.0311720749976472,0.0304518724932239,0.029166299146867,0.0277720350869252,0.0259568529592355,0.0240696196313094,0.0222693800261213,0.0201429881109706,0.0178177261105102,0.0157126434988045,0.0137734996851775,0.0119926744107076,0.0104668527769186,0.00911033503322971,0.00790003345612383,0.00689025089680591,0.00598835847832427,0.0052057019847431,0.00455469888087054,0.00398057461842252,0.00347794528007895,0.00306165999559725,0.00422632094919877,0.00423656825431695,0.00426626742693585,0.00428236438413667,0.00430337131283316,0.00431593738027238,0.00434558378582561,0.00434864605222662,0.00436829289873248,0.00437551176190452,0.0043307940786673,0.00421070919112772,0.00403172146865577,0.00380889898867621,0.00356828101018401,0.00333231151958156,0.00306844733645574,0.00274292367413038,0.00231577333429029,0.00193093563571687,0.00152409360810575,0.00117320632349838,0.000883998261430491,0.000615690338485702,0.000392143804984727,0.000245814670361327,0.000122200518436973,6.05060033316474e-05,2.51487234852082e-05,1.96639486826314e-05,1.54443833466725e-05,0.0885052072983308,0.0880618015737009,0.0877690606758178,0.0874164621260889,0.0871617613336129,0.0868578410581327,0.0865130899116332,0.0861106865620999,0.0857360662067956,0.0853569909756953,0.0830501861464754,0.0792432595083487,0.0753946740310517,0.070352005348539,0.0652840316086465,0.0605698882869722,0.0547753847370255,0.0485370598192827,0.0432489262162669,0.0382764031233774,0.0338261710166743,0.0300402552786937,0.0267138732132818,0.0237490282203551,0.0212862409573212,0.0190739383837174,0.017081793553152,0.0153877757555315,0.0138262434546464,0.0124315826939854,0.0112094319418113
4915,146064.855900764,Current WHO guidelines,0.187084325552347,0.18808140221065,0.188508597418385,0.187691269531929,0.187869157338741,0.187707818444182,0.187937637742144,0.188712889884078,0.189558055126368,0.191274077360991,0.198035341882513,0.210916968627247,0.227712843668593,0.251400508039791,0.277305651697199,0.308987834186204,0.362033764533709,0.420398666761453,0.736155424492672,0.908610390021076,0.975048116295692,0.994427271477757,0.998550691607495,0.999453106780855,0.999825776514604,0.999958941850168,0.999987639028254,0.999997477686859,0.999999910253992,0.999999955126996,1,0.032123043904272,0.0320343495598041,0.0319710799300586,0.0319123141871533,0.0318440412740609,0.0317830760081589,0.0316673082063314,0.0315636806038329,0.0314470845620467,0.0313125809743058,0.0305701093014236,0.0292817502781687,0.0278685229635424,0.0260255393683581,0.0241111213126174,0.0223037876151239,0.0201511063771819,0.0178216937729831,0.015711976722232,0.00808940091209769,0.00429904145608154,0.00244707303790623,0.00146365939331721,0.000914278236984271,0.000584456880524017,0.000374268902846541,0.000242303247060939,0.000155521336992432,0.000102025313048103,6.65569184916976e-05,4.65146546372012e-05,0.00425015735036061,0.00426580451514749,0.0042847519206673,0.00431627947905349,0.00432466733628173,0.00436793233002767,0.00436319471455863,0.004363866428461,0.00437654743249556,0.0043960755432685,0.00433456266083927,0.00422283959230611,0.0040221282313654,0.00380158275629593,0.0035680437867232,0.00330365425539834,0.00302458818151414,0.00272163082555034,0.00228824645127693,0.000896951375018539,0.000236266132980038,2.90619917700229e-05,6.426412936305e-06,3.23243274895273e-06,1.48114170317627e-06,0,0,0,0,0,0,0.0891852653131881,0.0887357222408833,0.0882948831478409,0.0879351779889048,0.0875413484758772,0.0872267016542611,0.0867909228281529,0.0864425005226042,0.0861141842790083,0.085695501879615,0.0832876332007098,0.0794969748919408,0.0755935942884965,0.0704625492331153,0.0653554878714589,0.060597225887024,0.0548144074162843,0.0485484451157164,0.0432653357723554,0.0238987011144537,0.013662105149738,0.00815412376993196,0.00511467889417,0.0034109014046154,0.00239575370419421,0.00175191402131766,0.00136090784518582,0.00105599695863421,0.000849913786829872,0.000685367454222508,0.000586338016365899
4915,146064.855900764,Enhanced coverage,0.188792867299575,0.189111531075378,0.189634051472438,0.188702785531433,0.188397630729357,0.189236073878798,0.189353531435575,0.189432067707018,0.190154433952184,0.192337736919446,0.200337433878486,0.213299994562048,0.229805258237606,0.254320122790755,0.277609290548008,0.308822063387793,0.359940139782748,0.419970485101103,0.796890943249907,0.954496156548626,0.994278570397915,0.999202796397957,0.999859223733382,0.999977762731478,0.999999062769251,1,1,1,1,1,1,0.0319131842189419,0.0318328590185956,0.0317877862426331,0.0317317273878708,0.0316640870859746,0.0316157359871372,0.03153363969766,0.0314275908844607,0.0313173515781888,0.0312166138651783,0.0305067771558835,0.0292191374483175,0.0278138166083143,0.0259887694387499,0.0240795053210445,0.0222770941531646,0.0201476469156628,0.0178166082471236,0.0157303312296574,0.00682626181442642,0.00298545478136075,0.00138287619943854,0.000680055362823937,0.000353863470570113,0.000188953248891653,9.92200435035357e-05,5.22765266605379e-05,2.75050571692018e-05,1.67246696687815e-05,9.97186039148496e-06,6.24034360744969e-06,0.00422354492979912,0.004248678955417,0.00428199640321358,0.00427191339852008,0.00428459967071478,0.00430092339054521,0.00429717855682838,0.00431177652959512,0.00431468870085044,0.00433591825405217,0.00430879619271575,0.00418415493488789,0.00402917924019119,0.00380605236221716,0.00357054111357043,0.00331714490213194,0.00304181339429855,0.00275574840815531,0.0023034396329192,0.000642916557391268,4.84731951147476e-05,7.86064035325284e-06,1.91921592756283e-06,1.67924881786365e-07,0,0,0,0,0,0,0,0.0883696346915978,0.0879466584918873,0.0877136104828357,0.0873731812940137,0.0871117913560501,0.0867972010313873,0.0864978305965982,0.0861668523584505,0.0857779798692549,0.0854329457736859,0.0830809918112251,0.0793075865372035,0.0754251094220681,0.0703557066153092,0.0652837050141339,0.0605154091852938,0.0547251353788562,0.0485288000690395,0.0432413779274591,0.0210269216930921,0.0103961847665946,0.00519358594367988,0.0027385057675635,0.00161382682367151,0.00104237999609404,0.000694646209121979,0.000540111148441989,0.000381067002206202,0.000214959636046232,8.80263438802947e-05,2.8718162456056e-05
4915,146064.855900764,Enhanced frequency,0.18816285891822,0.188910038539712,0.189543527979018,0.188444876045055,0.186894741343973,0.188273204487239,0.188164212666868,0.188182796805637,0.18841619611999,0.191328821680347,0.199260652520834,0.211718317276757,0.229076471041097,0.253451143533292,0.277153549271692,0.309549897132761,0.363322625150937,0.420093919118649,0.925028975966419,0.991223658780753,0.998788395929965,0.999703343710628,0.999922179803186,0.999977149571108,0.999985201300714,0.999988963887351,0.999999715395007,0.999999858023088,1,1,1,0.0319555321380042,0.031879524055514,0.0318262126407528,0.0317636239280243,0.0317120537758341,0.0316542492912598,0.0315664077896643,0.0314584364409311,0.0313674067727425,0.031235071271851,0.0305275197253926,0.0292403446436652,0.0278431508076798,0.0260180130079757,0.0241032670340983,0.0222997566898182,0.0201619851249868,0.0178195114487162,0.015734788891988,0.00387424214476531,0.00156915723654126,0.000779905706824694,0.000425629386988985,0.000245980453010672,0.000153910192894861,0.000100181009663524,6.60483829690679e-05,4.60326735913434e-05,3.23116199735995e-05,2.24636469811825e-05,1.52500961348258e-05,0.00420625334223271,0.00424780368761072,0.00427639119682622,0.00428951349096638,0.00430245028958909,0.00431441742958913,0.0043339699538326,0.00434595109688374,0.00434615084660676,0.00435948646673864,0.00430947473419037,0.00419442399721891,0.00403685251378899,0.00382061555830865,0.00357016196225976,0.00332939286736266,0.00304557628132282,0.00274283981684164,0.00229374447388154,0.000286826008829129,7.52285945457718e-06,1.61350500021079e-06,0,0,0,0,0,0,0,0,0,0.0887278116557523,0.0882711454464755,0.0878984809094514,0.0875123164993126,0.0871951153217183,0.0868709117160448,0.0865157183630695,0.0861426891867226,0.085810568020109,0.0853948177767079,0.0830797665561942,0.0793573874231797,0.0755191882413934,0.0703482030231143,0.0652755942927405,0.0605271130358657,0.0547542375809553,0.0485222622684313,0.0432466790734379,0.0126327647239121,0.0057506914341181,0.00324091739789571,0.00207572803356606,0.00152760457217946,0.00120280539245491,0.000939628918827186,0.000770202899177103,0.000632899778125188,0.000503891593733811,0.000338832790951413,0.000201995550809404